{
  "domains": {
    "product": {
      "q_value": 15.863942010840002,
      "count": 967,
      "bias": 70.76258333333347,
      "last_reward": 1.6583333333333337
    },
    "mcp": {
      "q_value": 9.889275123094492,
      "count": 33,
      "bias": 2.0212916666666674,
      "last_reward": 1.9366666666666665
    }
  },
  "epsilon": 0.05,
  "epsilon_min": 0.05,
  "epsilon_decay": 0.985,
  "learning_rate": 0.25,
  "discount": 0.8,
  "task_adjustments": {
    "domain:product": 179.875,
    "group:product_core": 185.375,
    "group:product_allocator": -5.5,
    "domain:mcp": -0.625,
    "group:mcp_core": -0.625
  },
  "last_decision": {},
  "providers": {
    "codex": {
      "count": 993,
      "total_reward": 2900.8533333333294,
      "fallbacks": 0,
      "avg_reward": 2.9213024504867366,
      "last_duration": 115.0
    },
    "claude": {
      "count": 7,
      "total_reward": 10.501666666666667,
      "fallbacks": 7,
      "avg_reward": 1.5002380952380954,
      "last_duration": 90.0
    }
  }
}