{
  "allocator": {
    "diagnostics": {
      "binding_learning_cap": [],
      "binding_max_spend": [],
      "binding_min_spend": [],
      "binding_roas_floor": [],
      "evaluations": 195.0,
      "expected_profit_raw": 407.0977303817813,
      "inventory_penalty": 0.0,
      "iterations_with_improvement": 24.0,
      "learning_penalty": 0.0,
      "min_softened": 0.0,
      "nfev": 195.0,
      "objective_value": -359.96630234692503,
      "optimizer": "coordinate_ascent",
      "optimizer_candidates": [
        {
          "optimizer": "projected_gradient",
          "profit": 359.86224393733835,
          "success": 1.0
        },
        {
          "optimizer": "coordinate_ascent",
          "profit": 359.96630234692503,
          "success": 1.0
        }
      ],
      "optimizer_winner": "coordinate_ascent",
      "projection_residual_lower": 0.0,
      "projection_residual_upper": 0.0,
      "projection_target": 820.8000000000001,
      "risk_penalty": 47.131428034856235,
      "roas_caps": {
        "europe": 322.38609375
      },
      "roas_penalty": 0.0,
      "scenario_profit_p10": 171.44059020750012,
      "scenario_profit_p50": 419.50073775937506,
      "scenario_profit_p90": 605.5458484232812,
      "success": 1.0,
      "worst_case_profit": 171.44059020750012
    },
    "profit": 359.96630234692503
  },
  "fairness_floor": 0.8,
  "generated_at": "2025-10-20T18:23:05.734886",
  "markets": [
    {
      "allocated_spend": 345.08374999999995,
      "current_spend": 320.0,
      "fair_share": 0.37037037037037035,
      "fairness_gap": 0.05005330165692001,
      "fairness_ratio": 1.1351439144736841,
      "floor_shortfall": 0.0,
      "guardrail_binding": false,
      "lift_vs_current": 0.07838671874999985,
      "min_share": 0.2962962962962963,
      "name": "north_america",
      "revenue": 523.3354487591903,
      "roas": 1.5165461971454475,
      "saturation_ratio": 0.8216279761904761,
      "share": 0.42042367202729036,
      "spend_delta_vs_target": 41.08374999999995,
      "target_spend": 304.0,
      "weather_multiplier": 1.08
    },
    {
      "allocated_spend": 235.873125,
      "current_spend": 260.0,
      "fair_share": 0.3333333333333333,
      "fairness_gap": -0.04596354166666666,
      "fairness_ratio": 0.862109375,
      "floor_shortfall": 0.0,
      "guardrail_binding": false,
      "lift_vs_current": -0.09279567307692313,
      "min_share": 0.26666666666666666,
      "name": "europe",
      "revenue": 325.2780906904127,
      "roas": 1.3790383736613177,
      "saturation_ratio": 0.655203125,
      "share": 0.28736979166666665,
      "spend_delta_vs_target": -37.726875000000035,
      "target_spend": 273.6,
      "weather_multiplier": 1.02
    },
    {
      "allocated_spend": 239.84312500000013,
      "current_spend": 180.0,
      "fair_share": 0.2962962962962963,
      "fairness_gap": -0.004089759990253239,
      "fairness_ratio": 0.9861970600328953,
      "floor_shortfall": 0.0,
      "guardrail_binding": false,
      "lift_vs_current": 0.33246180555555627,
      "min_share": 0.23703703703703705,
      "name": "apac",
      "revenue": 399.0103366665835,
      "roas": 1.6636304945850888,
      "saturation_ratio": 0.8565825892857147,
      "share": 0.29220653630604304,
      "spend_delta_vs_target": -3.3568749999998886,
      "target_spend": 243.20000000000002,
      "weather_multiplier": 1.12
    }
  ],
  "roas_floor": 1.15,
  "summary": {
    "baseline_profit": 437.5855901981181,
    "max_fairness_gap": 0.05005330165692001,
    "max_floor_shortfall": 0.0,
    "normalized_fairness_gap": 0.035071221166341704,
    "profit": 426.8238761161864,
    "profit_lift": -10.7617140819317,
    "total_floor_shortfall": 0.0,
    "total_revenue": 1247.6238761161865,
    "total_spend": 820.8000000000001,
    "under_allocated_markets": 2,
    "weighted_fairness_gap": 0.0946922971491226
  },
  "total_budget": 820.8000000000001
}
