{
  "generated_at": "2025-10-23T17:45:28.511845",
  "version": "2.0",
  "tenants": {
    "high_weather_sensitivity": {
      "tenant_id": "high_weather_sensitivity",
      "tenant_name": "High Weather Sensitivity",
      "location": "New York",
      "num_products": 5,
      "num_train_rows": 147,
      "num_val_rows": 30,
      "metrics_without_weather": {
        "train_r2": 0.9988481151928201,
        "train_rmse": 42.163908666331196,
        "train_mae": 36.051880091435784,
        "val_r2": 0.7585203064540602,
        "val_rmse": 74.8719057822159,
        "val_mae": 70.47839583068077,
        "feature_importance": {
          "sin_day_of_period": -204.75558612333654,
          "cos_day_of_period": -200.81250657983787,
          "day_index": 12.026997028311854,
          "meta_spend": 8.330958355527473,
          "google_spend": 11.535173107622056,
          "total_spend": 4.837330658014345,
          "spend_balance": 29.99145008008023,
          "meta_spend_lag_1": 0.18318647592006568,
          "google_spend_lag_1": 0.25364281292242685,
          "total_spend_lag_1": 0.10636634088710457,
          "meta_spend_rolling_avg_3": 0.9289878884282881,
          "google_spend_rolling_avg_3": 1.2862909227616592,
          "total_spend_rolling_avg_3": 0.5394123225204909
        }
      },
      "metrics_with_weather": {
        "train_r2": 0.9970633562278503,
        "train_rmse": 67.3227693824202,
        "train_mae": 55.03019496650124,
        "val_r2": 0.6433575775798333,
        "val_rmse": 90.99029650480828,
        "val_mae": 73.6529745132247,
        "feature_importance": {
          "sin_day_of_period": 76.89728347010117,
          "cos_day_of_period": -290.26783630015507,
          "day_index": 1.648804559963774,
          "meta_spend": 4.993352951644954,
          "google_spend": 6.913873317662288,
          "total_spend": 2.89936622998721,
          "spend_balance": 17.976070625922084,
          "meta_spend_lag_1": 1.0443256808710493,
          "google_spend_lag_1": 1.445989404282962,
          "total_spend_lag_1": 0.6063826534091326,
          "meta_spend_rolling_avg_3": 1.4655669561613613,
          "google_spend_rolling_avg_3": 2.029246554685679,
          "total_spend_rolling_avg_3": 0.8509743616424031,
          "temperature_celsius": -1.1097742037748537,
          "precipitation_mm": -0.1280732478968935,
          "relative_humidity_percent": -0.48684911386703805,
          "windspeed_kmh": 0.948799955073602,
          "temperature_celsius_lag_1": 3.3828775821270107,
          "precipitation_mm_lag_1": -1.3623933919123763,
          "temperature_celsius_rolling_avg_3": 3.406965214164333,
          "precipitation_mm_rolling_avg_3": -4.266515873093594,
          "temperature_celsius_squared": -0.016967241768170632,
          "meta_spend_x_temperature_celsius": 0.02567831159874881,
          "google_spend_x_precipitation_mm": -0.005700375127279884
        }
      },
      "weather_improvement_r2": -0.11516272887422696,
      "spend_elasticity": {
        "meta_spend": 0.15367252765080258,
        "google_spend": 0.15367252765080366,
        "total_spend": 0.15367252765079298,
        "spend_balance": 0.15367252765080475,
        "meta_spend_lag_1": 0.032192313192942336,
        "google_spend_lag_1": 0.03219231319294169,
        "total_spend_lag_1": 0.03219231319294957,
        "meta_spend_rolling_avg_3": 0.045253660349121275,
        "google_spend_rolling_avg_3": 0.045253660349137255,
        "total_spend_rolling_avg_3": 0.045253660349138414
      },
      "weather_elasticity": {
        "temperature_celsius": -0.003954889765180435,
        "precipitation_mm": -2.1210755490420595e-05,
        "relative_humidity_percent": -0.0018112334791966372,
        "windspeed_kmh": 0.00045119084148130735,
        "temperature_celsius_lag_1": 0.011992403510079104,
        "precipitation_mm_lag_1": -0.00022596323985073284,
        "temperature_celsius_rolling_avg_3": 0.012014352418461533,
        "precipitation_mm_rolling_avg_3": -0.000702728131340488,
        "temperature_celsius_squared": -0.003823043583050003,
        "meta_spend_x_temperature_celsius": 0.045633461851906,
        "google_spend_x_precipitation_mm": -0.0003203350387893603
      },
      "quality_score": 0.46930051909751047
    },
    "extreme_weather_sensitivity": {
      "tenant_id": "extreme_weather_sensitivity",
      "tenant_name": "Extreme Weather Sensitivity",
      "location": "Denver",
      "num_products": 5,
      "num_train_rows": 147,
      "num_val_rows": 30,
      "metrics_without_weather": {
        "train_r2": 0.999998342074176,
        "train_rmse": 31.282800907781493,
        "train_mae": 24.575154662050892,
        "val_r2": 0.996273201637137,
        "val_rmse": 52.745228768369124,
        "val_mae": 45.02372989472436,
        "feature_importance": {
          "sin_day_of_period": 91.2474010443564,
          "cos_day_of_period": 47.83677287698157,
          "day_index": -7.35579111846102,
          "meta_spend": 8.373535605705356,
          "google_spend": 11.594126223251324,
          "total_spend": 4.862052932294441,
          "spend_balance": 30.144728179831557,
          "meta_spend_lag_1": 0.03412534685613463,
          "google_spend_lag_1": 0.04725048026240782,
          "total_spend_lag_1": 0.01981471743372805,
          "meta_spend_rolling_avg_3": 0.185327647559352,
          "google_spend_rolling_avg_3": 0.2566075120975745,
          "total_spend_rolling_avg_3": 0.1076096018870312
        }
      },
      "metrics_with_weather": {
        "train_r2": 0.9999980888857088,
        "train_rmse": 33.586628662167755,
        "train_mae": 26.372475080597958,
        "val_r2": 0.9967854092007615,
        "val_rmse": 48.986688366263934,
        "val_mae": 40.58894606522651,
        "feature_importance": {
          "sin_day_of_period": -112.34441048773138,
          "cos_day_of_period": 344.17954294144005,
          "day_index": -0.9862327180336599,
          "meta_spend": 7.7949766813220585,
          "google_spend": 10.79304463569974,
          "total_spend": 4.5261154923200015,
          "spend_balance": 28.061916052141004,
          "meta_spend_lag_1": 0.007651041790304954,
          "google_spend_lag_1": 0.010593750309898037,
          "total_spend_lag_1": 0.004442540406369613,
          "meta_spend_rolling_avg_3": 0.42612617408686176,
          "google_spend_rolling_avg_3": 0.5900208566042268,
          "total_spend_rolling_avg_3": 0.24742810111300767,
          "temperature_celsius": -112.12697606764871,
          "precipitation_mm": -2.8350481930045097,
          "relative_humidity_percent": 0.15003746894418943,
          "windspeed_kmh": 0.6434511194771056,
          "temperature_celsius_lag_1": 3.435703317786983,
          "precipitation_mm_lag_1": -0.24803760056310342,
          "temperature_celsius_rolling_avg_3": 9.341613970350918,
          "precipitation_mm_rolling_avg_3": 1.3872480517582575,
          "temperature_celsius_squared": 0.42627751704714084,
          "meta_spend_x_temperature_celsius": 0.03355102848966209,
          "google_spend_x_precipitation_mm": 0.0011585528579214513
        }
      },
      "weather_improvement_r2": 0.0005122075636245782,
      "spend_elasticity": {
        "meta_spend": 0.23036263226970935,
        "google_spend": 0.23036263227020115,
        "total_spend": 0.23036263226662762,
        "spend_balance": 0.2303626322646327,
        "meta_spend_lag_1": 0.00022813639305942516,
        "google_spend_lag_1": 0.00022813639604647072,
        "total_spend_lag_1": 0.00022813639367560583,
        "meta_spend_rolling_avg_3": 0.01281768227632012,
        "google_spend_rolling_avg_3": 0.012817682280149309,
        "total_spend_rolling_avg_3": 0.012817682277890484
      },
      "weather_elasticity": {
        "temperature_celsius": -0.14941441124795957,
        "precipitation_mm": -0.00016359724992027257,
        "relative_humidity_percent": 0.00017151744505441616,
        "windspeed_kmh": 9.075586499489796e-05,