{
  "generated_at": "2025-10-22T13:00:20.443575",
  "version": "2.0",
  "tenants": {
    "high_weather_sensitivity": {
      "tenant_id": "high_weather_sensitivity",
      "tenant_name": "High Weather Sensitivity",
      "location": "New York",
      "num_products": 5,
      "num_train_rows": 147,
      "num_val_rows": 30,
      "metrics_without_weather": {
        "train_r2": 0.41026256846183395,
        "train_rmse": 3260.372234052855,
        "train_mae": 2625.1643723911943,
        "val_r2": -0.514631392246476,
        "val_rmse": 2841.2133181939794,
        "val_mae": 2427.4734141325625,
        "feature_importance": {
          "sin_day_of_period": -395.98273481381995,
          "cos_day_of_period": 510.14759071794407,
          "day_index": 8.880239745522392,
          "meta_spend": 4.613254965389322,
          "google_spend": 6.69670415664973,
          "total_spend": 2.8857218833517115,
          "spend_balance": -0.7815831774213625,
          "meta_spend_lag_1": 6.433506729740724,
          "google_spend_lag_1": 2.715028571911676,
          "total_spend_lag_1": 2.566747237708907,
          "meta_spend_rolling_avg_3": 1.5182357335448118,
          "google_spend_rolling_avg_3": 0.47889987540434004,
          "total_spend_rolling_avg_3": 0.5583680730221774
        }
      },
      "metrics_with_weather": {
        "train_r2": 0.41452216214449156,
        "train_rmse": 3248.576281532965,
        "train_mae": 2595.2989046090515,
        "val_r2": -0.4713470233684911,
        "val_rmse": 2800.32167781481,
        "val_mae": 2401.3578608478447,
        "feature_importance": {
          "sin_day_of_period": -153.31219949540085,
          "cos_day_of_period": 184.94530539998098,
          "day_index": 3.2029721550990047,
          "meta_spend": 3.685202786539741,
          "google_spend": 5.269431570376586,
          "total_spend": 2.2876919734335592,
          "spend_balance": -0.29784449586100514,
          "meta_spend_lag_1": 4.3974310036915165,
          "google_spend_lag_1": 3.142626274844708,
          "total_spend_lag_1": 2.037523376251631,
          "meta_spend_rolling_avg_3": 2.0500205472895816,
          "google_spend_rolling_avg_3": 1.9185325405239122,
          "total_spend_rolling_avg_3": 1.0230791907097754,
          "temperature_celsius": -5.936407231204324,
          "precipitation_mm": 29.92406477970029,
          "relative_humidity_percent": -4.711491406525664,
          "windspeed_kmh": -2.29897348577035,
          "temperature_celsius_lag_1": -5.590299461628373,
          "precipitation_mm_lag_1": 24.621451416093738,
          "temperature_celsius_rolling_avg_3": -10.948047810545614,
          "precipitation_mm_rolling_avg_3": 41.2005216023815,
          "temperature_celsius_squared": -0.06360342040275316,
          "meta_spend_x_temperature_celsius": 0.010693037732090925,
          "google_spend_x_precipitation_mm": 0.1540722316278698
        }
      },
      "weather_improvement_r2": 0.043284368877984924,
      "spend_elasticity": {
        "meta_spend": 0.09707909257137688,
        "google_spend": 0.09990382584439918,
        "total_spend": 0.10363718692149142,
        "spend_balance": -0.002199229211523645,
        "meta_spend_lag_1": 0.11576279085459304,
        "google_spend_lag_1": 0.059563236931358815,
        "total_spend_lag_1": 0.09225585291365972,
        "meta_spend_rolling_avg_3": 0.05397212968330065,
        "google_spend_rolling_avg_3": 0.036357669213344726,
        "total_spend_rolling_avg_3": 0.04632336264945166
      },
      "weather_elasticity": {
        "temperature_celsius": -0.01859136143716597,
        "precipitation_mm": 0.0034670590371177518,
        "relative_humidity_percent": -0.014789477586053148,
        "windspeed_kmh": -0.0008714944576393577,
        "temperature_celsius_lag_1": -0.01759077543721867,
        "precipitation_mm_lag_1": 0.0028799849043571754,
        "temperature_celsius_rolling_avg_3": -0.03465396837146311,
        "precipitation_mm_rolling_avg_3": 0.004820401864350876,
        "temperature_celsius_squared": -0.01231265679112391,
        "meta_spend_x_temperature_celsius": 0.015963226259888004,
        "google_spend_x_precipitation_mm": 0.00669140571559162
      },
      "quality_score": 0.11542498367462649
    },
    "extreme_weather_sensitivity": {
      "tenant_id": "extreme_weather_sensitivity",
      "tenant_name": "Extreme Weather Sensitivity",
      "location": "Denver",
      "num_products": 5,
      "num_train_rows": 147,
      "num_val_rows": 30,
      "metrics_without_weather": {
        "train_r2": 0.5126993029666973,
        "train_rmse": 2934.4653688142894,
        "train_mae": 2305.9214482030698,
        "val_r2": -0.1787074951039478,
        "val_rmse": 3191.9039334134973,
        "val_mae": 2504.112530320451,
        "feature_importance": {
          "sin_day_of_period": 198.14218585176314,
          "cos_day_of_period": 421.87042435058424,
          "day_index": 3.3927293642559206,
          "meta_spend": 7.773082676239599,
          "google_spend": 12.384303764585065,
          "total_spend": 5.056586334399471,
          "spend_balance": 2.5334744537799034,
          "meta_spend_lag_1": 4.083594924473337,
          "google_spend_lag_1": 6.551981924817708,
          "total_spend_lag_1": 2.667240603651988,
          "meta_spend_rolling_avg_3": 0.1617255812742308,
          "google_spend_rolling_avg_3": -1.8793209511324906,
          "total_spend_rolling_avg_3": -0.32011432111463844
        }
      },
      "metrics_with_weather": {
        "train_r2": 0.5401552711693414,
        "train_rmse": 2850.598672283789,
        "train_mae": 2238.7729579557486,
        "val_r2": -0.15119918473181704,
        "val_rmse": 3154.4382195605826,
        "val_mae": 2509.1121120883604,
        "feature_importance": {
          "sin_day_of_period": 45.84573953861094,
          "cos_day_of_period": 247.50547541396705,
          "day_index": 7.430491956356551,
          "meta_spend": 6.379383964358038,
          "google_spend": 10.484889597510177,
          "total_spend": 4.213298179352621,
          "spend_balance": 1.1331281352404832,
          "meta_spend_lag_1": 3.072641022756542,
          "google_spend_lag_1": 5.78186332743181,
          "total_spend_lag_1": 2.1763016340806436,
          "meta_spend_rolling_avg_3": 0.009064246459305819,
          "google_spend_rolling_avg_3": -1.6149519169120834,
          "total_spend_rolling_avg_3": -0.31665330148705856,
          "temperature_celsius": -1.8477112481603921,
          "precipitation_mm": 92.17704029222665,
          "relative_humidity_percent": -3.4135060091184046,
          "windspeed_kmh": 49.493876050075215,
          "temperature_celsius_lag_1": 5.437069256423378,
          "precipitation_mm_lag_1": 110.9689673760699,
          "temperature_celsius_rolling_avg_3": 5.7782082246528725,
          "precipitation_mm_rolling_avg_3": -82.16556339884298,
          "temperature_celsius_squared": -0.029494474938952478,
          "meta_spend_x_temperature_celsius": 0.028008090935608528,
          "google_spend_x_precipitation_mm": 0.16813088821175687
        }
      },
      "weather_improvement_r2": 0.02750831037213075,
      "spend_elasticity": {
        "meta_spend": 0.1654629501205768,
        "google_spend": 0.19362247816909298,
        "total_spend": 0.1870870709274655,
        "spend_balance": 0.008464835159921207,
        "meta_spend_lag_1": 0.07954164153117527,
        "google_spend_lag_1": 0.10665192950168927,
        "total_spend_lag_1": 0.09648198923626487,
        "meta_spend_rolling_avg_3": 0.00023447208988708852,
        "google_spend_rolling_avg_3": -0.02977150957095531,
        "total_spend_rolling_avg_3": -0.01402860172598936
      },
      "weather_elasticity": {
        "temperature_celsius": -0.006701376006952905,
        "precipitation_mm": 0.010309344159141798,
        "relative_humidity_percent": -0.01139622220672953,
        "windspeed_kmh": 0.021470095235513145,