{
  "results": [
    {
      "name": "balanced-curve",
      "actual_profit": 201.17355371900823,
      "oracle_profit": 206.66666666666663,
      "regret": 5.493112947658403,
      "regret_pct": 0.02657957877899228,
      "revenues": {
        "meta": 305.8181818181818,
        "google": 195.3553719008264
      },
      "allocation": {
        "spends": {
          "meta": 167.60330578512395,
          "google": 132.39669421487602
        },
        "profit": 201.17355371900823,
        "diagnostics": {
          "success": 0.0,
          "nfev": 0.0,
          "objective_value": -201.17355371900823,
          "binding_min_spend": [],
          "binding_max_spend": [],
          "binding_roas_floor": [],
          "binding_learning_cap": [],
          "scenario_profit_p50": 201.17355371900823,
          "risk_penalty": 0.0,
          "roas_penalty": 0.0,
          "learning_penalty": 0.0,
          "inventory_penalty": 0.0,
          "expected_profit_raw": 201.17355371900823,
          "worst_case_profit": 201.17355371900823,
          "fallback_alloc": true
        }
      },
      "metadata": {
        "focus": "baseline alignment"
      }
    },
    {
      "name": "underestimated-meta",
      "actual_profit": 268.7981505102041,
      "oracle_profit": 300.0,
      "regret": 31.201849489795904,
      "regret_pct": 0.10400616496598634,
      "revenues": {
        "meta": 305.5497448979592,
        "google": 231.25,
        "pinterest": 181.99840561224488
      },
      "allocation": {
        "spends": {
          "meta": 167.4202806122449,
          "google": 158.03571428571428,
          "pinterest": 124.54400510204081
        },
        "profit": 268.7981505102041,
        "diagnostics": {
          "success": 0.0,
          "nfev": 0.0,
          "objective_value": -268.7981505102041,
          "binding_min_spend": [],
          "binding_max_spend": [],
          "binding_roas_floor": [],
          "binding_learning_cap": [],
          "scenario_profit_p50": 268.7981505102041,
          "risk_penalty": 0.0,
          "roas_penalty": 0.0,
          "learning_penalty": 0.0,
          "inventory_penalty": 0.0,
          "expected_profit_raw": 268.7981505102041,
          "worst_case_profit": 268.7981505102041,
          "fallback_alloc": true
        }
      },
      "metadata": {
        "focus": "response curve misspecification"
      }
    },
    {
      "name": "inventory-constrained",
      "actual_profit": 120.0,
      "oracle_profit": 135.0,
      "regret": 15.0,
      "regret_pct": 0.1111111111111111,
      "revenues": {
        "meta": 192.0,
        "search": 188.0
      },
      "allocation": {
        "spends": {
          "meta": 130.0,
          "search": 130.0
        },
        "profit": 120.0,
        "diagnostics": {
          "success": 0.0,
          "nfev": 0.0,
          "objective_value": -120.0,
          "binding_min_spend": [],
          "binding_max_spend": [],
          "binding_roas_floor": [],
          "binding_learning_cap": [],
          "scenario_profit_p50": 120.0,
          "risk_penalty": 0.0,
          "roas_penalty": 0.0,
          "learning_penalty": 0.0,
          "inventory_penalty": 0.0,
          "expected_profit_raw": 120.0,
          "worst_case_profit": 120.0,
          "fallback_alloc": true
        }
      },
      "metadata": {
        "focus": "inventory guardrail and quantiles"
      }
    }
  ],
  "worst_regret": 31.201849489795904,
  "worst_regret_pct": 0.1111111111111111
}
